,question,retrieved_answer,accuracy,completeness,faithfulness,relevance,feedback
0,What are the electronic submission requirements for Medicare claims?,"The electronic submission requirements for Medicare claims include adhering to the HIPAA standard format, submitting claims via approved methods such as CPU transmission, tape, direct data entry (DDE), direct wire, or personal computer upload/download. Claims submitted electronically must comply with standard claim implementation guides adopted for national use under HIPAA. Direct data entry (DDE) is considered HIPAA-compliant if supported by the contractor. It is important to ensure that electronic claims are filed within specific deadlines and in the appropriate electronic format as required by HIPAA regulations.",9,7,10,9,"The answer accurately addresses the question regarding electronic submission requirements for Medicare claims, covering key aspects such as HIPAA compliance and submission methods. However, it could be improved by specifying the exact deadlines for submission and mentioning any exceptions or additional requirements that may apply. Overall, the answer is relevant and faithful to the guidelines, but completeness could be enhanced."
1,What HIPAA standards apply to Medicare claims processing?,"The HIPAA standards that apply to Medicare claims processing include both transaction standards and implementation guides for claims transactions. These standards cover various types of claims, such as professional health care claims (ASC X12 837) and National Council for Prescription Drug Programs (NCPDP) claims and transactions for retail pharmacy professional services and supplies. Claims submitted electronically to Medicare must adhere to these HIPAA standards. The current versions of these standards can be found in chapter 24 of the manual. More information about HIPAA and these transactions can be found on the official ASC X12 website and www.NCPDP.org.",9,8,9,10,"The answer accurately addresses the question by identifying relevant HIPAA standards for Medicare claims processing. However, it could be improved by specifying the exact chapter and section of the Medicare manual for easier reference. Additionally, while the answer is mostly complete, it could briefly mention the importance of compliance with these standards. The answer remains focused on the question without introducing unrelated information."
2,Where can I purchase HIPAA standard implementation guides?,"You can purchase HIPAA standard implementation guides from the official ASC X12 website and www.NCPDP.org. These websites provide more information about the transactions and implementation guides related to HIPAA standards. Additionally, chapter 24 of the manual offers detailed information on Medicare's requirements for electronic data interchange (EDI) and how to submit claims using these transactions.",9,7,9,8,"The answer provides accurate sources for purchasing HIPAA standard implementation guides and mentions relevant information about Medicare's requirements. However, it could be improved by specifying the exact location of chapter 24 in the manual for better completeness."
3,What are the paper format requirements for institutional claims?,"The paper format requirements for institutional claims include submitting claims using the paper Form CMS-1450. This form is specified as the required format for institutional claims in Chapter 02 of the Medicare guidelines. Detailed instructions on how to complete the CMS-1450 form can be found in Chapter 25 of the guidelines. Additionally, exceptions under ASCA are mentioned, and guidance is provided for submitting paper claims for institutional services.",9,7,10,9,"The answer accurately addresses the question regarding paper format requirements for institutional claims, referencing the correct form and chapters in the Medicare guidelines. However, it could be improved by summarizing the exceptions under ASCA more clearly and providing specific details about the guidance for submitting paper claims. Overall, it is a solid response but could benefit from additional clarity and detail."
4,What information should be included in remittance advices?,"The information that should be included in remittance advices includes:
1. Explanation of the difference between the charges submitted by the provider for payment and what Medicare paid on the claim.
2. Clarification of payments made on behalf of beneficiaries using Medicare Summary Notice (MSN) messages.
3. Communication of liability for noncovered charges using Group Codes on the remittance advice (PR for beneficiary liability, CO for provider liability).
4. Notification of any errors detected within the claims processing system and instructions on how to correct them before resubmission.
5. Retention of a record of the claim in the system for carriers (FIs do not use the remittance advice process for return to provider).
6. Compliance with standard code combinations established by the CAQH Committee on Operating Rules for Information Exchange (CORE) for all remittance advice messages.
7. Access to definitions of remittance advice codes and code combinations from the official Washington Publishing Company website.
8. Use of ""return service requested"" envelopes for hardcopy remittance advices for providers who choose to receive them, but not for beneficiary correspondence or overpayment demand letters.
9. Inclusion of all applicable error codes in the remittance advice messages to ensure consistency and clarity in communication.",9,8,9,7,"The answer provides a comprehensive overview of the information that should be included in remittance advices according to Medicare guidelines. However, it could be improved by explicitly stating the purpose of remittance advices and ensuring that all points are directly tied to the question without unnecessary detail. Some points, while relevant, may be overly detailed for a general understanding."
5,How does Medicare determine the correct jurisdiction for a payment request?,"Medicare determines the correct jurisdiction for a payment request based on specific rules outlined in the guidelines for fee-for-service claims administration contractors. Each contractor is assigned a particular geographic and subject matter jurisdiction for processing claims. Physicians and suppliers are required to submit claims to the contractor with the appropriate jurisdiction. If a claim is misdirected, the contractor must dispose of it according to the specified rules.

In cases where healthcare providers operate in multiple localities or under multiple A/B Medicare Administrative Contractors (MACs) for Part B services, separate claims must be submitted to the appropriate A/B MACs for processing. The jurisdiction for claim processing lies with the A/B MAC that covers the locality where the service was rendered. Medicare A/B MACs use the ZIP code on the claim where the service was performed to determine the payment locality, especially in situations where services are provided in areas covered by multiple A/B MAC service areas.

Overall, Medicare determines the correct jurisdiction for a payment request by ensuring that claims are submitted to the contractor with the appropriate geographic and subject matter jurisdiction, following the specified rules and guidelines outlined in the Medicare program.",9,8,9,8,"The answer accurately addresses the question by explaining how Medicare determines the correct jurisdiction for payment requests. It includes relevant details about the role of A/B MACs and the importance of submitting claims to the correct contractor. However, it could be more concise and avoid repetition. Overall, it is a strong response but could benefit from slight refinement for clarity."
6,What are the payment jurisdiction rules for physician fee schedules?,"The payment jurisdiction rules for physician fee schedules involve assigning specific geographic and subject matter jurisdictions to fee-for-service claims administration contractors. Physicians and suppliers are required to submit claims to the contractor with the appropriate jurisdiction. If a claim is misdirected, the contractor must dispose of it according to specified rules. Additionally, for services paid under the Medicare Physician Fee Schedule (MPFS) and anesthesia services, suppliers such as laboratories, physicians, and independent diagnostic testing facilities (IDTFs) must bill their A/B MAC (Part B) for payment processing. The net charge for services must be determined without including charges intended to reflect the cost of equipment or space leased to the performing supplier. Practitioners subject to mandatory assignment under the Medicare program must accept the Medicare allowed charge amount as payment in full for their services, limiting the beneficiary's liability to any applicable deductible plus a 20% coinsurance.",8,7,9,8,"The answer provides a detailed overview of the payment jurisdiction rules for physician fee schedules, addressing key aspects such as claim submission and payment processing. However, it could be improved by explicitly stating the specific jurisdictions and any exceptions or additional details that may apply. Overall, it is mostly accurate but could benefit from more clarity and specificity."
7,What exceptions exist for jurisdictional claims processing for DME suppliers?,"The exceptions for jurisdictional claims processing for DME suppliers include the following:

1. The claims processing jurisdiction among DME MACs is determined by the beneficiary's permanent address. The beneficiary's permanent address is where they reside for more than six months of the year.

2. The document specifies that claims for DMEPOS submitted by suppliers are typically processed by Durable Medical Equipment Medicare Administrative Contractors (DME MACs), with a distinction made for implanted devices.

3. The NPI requirement and policy outlined in the document are not applicable to beneficiary claims submitted to DMEMACs for durable medical equipment, prosthetics, orthotics, and supplies. These claims should be processed by DMEMACs using current procedures.

Therefore, the exceptions for jurisdictional claims processing for DME suppliers involve considerations such as the beneficiary's permanent address, the involvement of DME MACs in processing claims, and specific policies that do not apply to beneficiary claims submitted to DMEMACs.",8,6,9,7,"The answer provides a good overview of the exceptions for jurisdictional claims processing for DME suppliers, but it lacks clarity and specificity in some areas. It could be improved by explicitly stating what the exceptions are rather than describing the general claims processing rules. Additionally, the mention of the NPI requirement could be more clearly linked to the exceptions being discussed."
8,How are ambulance services submitted to carriers?,"Ambulance services are submitted to carriers based on the jurisdiction determined by the number of vehicles used in transporting a patient. If only one ambulance vehicle is used, the carrier serving the point of origin of the ambulance is responsible for processing the claim. This carrier should have all necessary information, including certification of the ambulance company and details on the nearest appropriate facility. On the other hand, if multiple vehicles are used, jurisdiction is determined by the carrier serving the home base of the ambulance on the first or final leg of the trip. The carrier that serves the patient's home area handles any resulting claims or disallowance actions if there is no claim for the final leg of the trip.",9,8,10,9,"The answer provides a detailed explanation of how ambulance services are submitted to carriers, aligning well with Medicare guidelines. However, it could be improved by explicitly mentioning the specific forms or codes used in the submission process for completeness."
9,How are independent laboratory claims processed?,"Independent laboratory claims are processed based on the jurisdiction of the carrier serving the area where the laboratory test is performed. Generally, the carrier in the location where the laboratory is located has jurisdiction over the claims. However, there are exceptions where a regional or national lab chain may fall under the jurisdiction of a single carrier. In cases where a specimen is drawn or received by an independent laboratory approved under the Medicare program, but the lab refers the specimen to another laboratory in a different carrier jurisdiction for additional tests, the carrier servicing the referring laboratory retains jurisdiction for the services performed by the other laboratory. The physician or group must file a blanket statement agreeing to accept assignment on all clinical diagnostic laboratory tests, and the claim must be annotated as unassigned if necessary.",9,8,9,10,"The answer accurately addresses the question regarding the processing of independent laboratory claims according to Medicare guidelines. It provides a comprehensive overview of jurisdictional issues and the assignment process. However, it could be improved by explicitly mentioning any specific timeframes or additional requirements for claims submission."
10,What transmittals have been issued for Chapter 1?,"The transmittals that have been issued for Chapter 1 of the Medicare Claims Processing Manual are as follows:

1. R12909CP issued on 10/24/2024, correcting Change Request (CR) 7270 regarding time limits for filing Medicare Fee For Service claims effective from 11/26/2024 with CR# 13834.
2. R12789CP issued on 08/15/2024, updating Chapter 1 of the Medicare Claims Processing Manual.

These are the transmittals specifically mentioned in the provided context for Chapter 1.",4,6,7,8,"The answer accurately lists the transmittals issued for Chapter 1, but the dates provided are in the future, which is not compliant with Medicare's guidelines. This affects the accuracy and completeness of the information. To improve, the answer should verify the dates and ensure they are current and relevant to the question."
11,What are the latest updates in Medicareâ€™s general billing requirements?,"The latest updates in Medicare's general billing requirements include various changes and revisions to claims processing instructions and billing procedures. Some of the key updates are:

1. Enhancements to the processing of hospice routine home care payments were made on 12/04/2018 under Transmittal 11004 (R4035CP 04/27/2018).
2. Updates on 10/01/2018 to Publication 100-04, Chapters 1 and 27, to replace the Remittance Advice.
3. Changes to the Time Limits for Filing Medicare Fee-For-Service Claims were implemented on 03/21/2011 under R2140CP 01/21/2011.
4. Updates to the Internet Only Manual Pub 100-04, Chapter 1 - General Billing Requirements were made on 02/22/2011 under R2124CP 12/23/2010.

These updates reflect ongoing efforts to ensure compliance with Medicare billing and payment policies, as well as to address specific issues related to claims processing and reimbursement for healthcare services.",6,5,7,6,"The answer provides a general overview of updates but lacks specific details on the most recent changes and their implications. It also includes outdated information, which may mislead the reader regarding current requirements. To improve, the answer should focus on the latest updates post-2021 and clarify the significance of each change."
12,What are the most common claim rejection reasons under this manual?,"The most common claim rejection reasons under this manual include:

1. Claims overlapping with other claims: When claims overlap with other claims, they may be processed as rejections with unique reason codes, prompting providers to correct and resubmit the claims as needed.

2. Non-covered charges on demand bills: Non-covered charges on demand bills are considered in dispute and subject to review, potentially resulting in delayed payment for covered services.

3. Duplicate claims: Claims may be rejected as duplicates of other claims, and providers can appeal the denial if it is based on criteria other than exact duplication.

4. Incorrect type of bill: If the provider submits an adjustment request with a type of bill not equal to specified codes, the request may be rejected back to the provider for correction and resubmission.

5. Misdirected claims: Claims submitted to the wrong contractor or MAC may be rejected and need to be resubmitted to the correct entity.

Overall, these common claim rejection reasons highlight the importance of accuracy and adherence to billing guidelines to ensure timely and accurate payment for healthcare services.",8,7,7,9,"The answer accurately identifies common claim rejection reasons and provides relevant details. However, it could be improved by explicitly referencing the specific guidelines or codes from the manual to enhance completeness and faithfulness."
13,What should be included in a Medicare claim to avoid rejections?,"To avoid rejections, a Medicare claim should include the following key elements:

1. Complete all required claim elements as specified by Medicare guidelines.
2. Ensure total charges equal the sum of non-covered charges.
3. Use appropriate frequency codes (e.g., 7 and 8 for provider-submitted claim adjustments/cancellations).
4. Provide accurate statement dates that align with simultaneous claims for payment.
5. Include all necessary information on the Form CMS-1490S, such as date of service, place of service, description of services provided, charges for each service, treating doctor's or supplier's name and address, diagnosis code, Medicare beneficiary identifier, provider number, from and through dates of service, type of service, procedure code, place of service, and billed amount.
6. Avoid submitting incomplete or invalid claims that lack required information or contain incorrect details.
7. Ensure that the claim is not an exact duplicate, as these are automatically flagged by the claims processing system and cannot be overridden by Medicare contractors.
8. For institutional claims, ensure they are not determined to be exact duplicates to avoid rejection without appeal rights.
9. Follow Medicare guidelines for submitting services using the Health Insurance Claim Number (HICN) in specific business areas.
10. Correctly bill surgeries to Medicare to provide proof of denials by primary payers in the sequence of coverage.
11. Be aware that rejected claims can be corrected and resubmitted for payment determination, while claims returned to the provider (RTP) cannot be appealed by beneficiaries.
12. Monitor claims submission violations and ensure compliance with Medicare regulations to avoid rejections.",10,9,10,10,"The answer provides a comprehensive overview of the necessary elements for a Medicare claim to avoid rejections, aligning well with Medicare guidelines. However, it could be improved by summarizing the key points more concisely and ensuring clarity in the language used."
14,What is the process for submitting a reconsideration request for a denied Medicare claim?,"The process for submitting a reconsideration request for a denied Medicare claim involves several steps. First, if your claim is denied by Medicare, you will receive a Remittance Advice (RA) that explains the reason for the denial. To request a reconsideration, you must follow these steps:

1. Review the denial reason: Understand why your claim was denied by reviewing the information provided in the RA.

2. Prepare your request: Write a formal letter requesting a reconsideration of the denied claim. Include all relevant information, such as the patient's name, Medicare number, date of service, and the reason you believe the claim should be paid.

3. Submit the request: Send your reconsideration request to the appropriate Medicare contractor within the specified timeframe. Make sure to include any supporting documentation that may help support your case.

4. Await a response: After submitting your request, Medicare will review the information provided and make a determination on whether to approve or deny the claim.

5. Follow up: If you do not receive a response within a reasonable timeframe, follow up with the Medicare contractor to inquire about the status of your reconsideration request.

It's important to note that the process for submitting a reconsideration request may vary slightly depending on the specific circumstances of your denied claim. Be sure to carefully follow the instructions provided by Medicare and provide all necessary information to support your request for reconsideration.",9,7,10,9,"The answer provides a clear and structured overview of the process for submitting a reconsideration request for a denied Medicare claim. However, it could improve by specifying the exact timeframe for submission and mentioning any specific forms that may be required. Overall, it is accurate and relevant but lacks some completeness in details."
